John,Doe,john.doe@example.com,johndoe,password123
Jane,Smith,jane.smith@example.com,janesmith,password456
Robert,Brown,robert.brown@example.com,robertbrown,password789
Emily,Jones,emily.jones@example.com,emilyj,password321
Michael,Garcia,michael.garcia@example.com,mikeg,password654
Sarah,Miller,sarah.miller@example.com,sarahm,password987
David,Davis,david.davis@example.com,davidd,password111
Jessica,Rodriguez,jessica.rodriguez@example.com,jessicar,password222
Chris,Martinez,chris.martinez@example.com,chrism,password333
Amanda,Hernandez,amanda.hernandez@example.com,amandah,password444
Matthew,Lopez,matthew.lopez@example.com,mattl,password555
Ashley,Gonzalez,ashley.gonzalez@example.com,ashleyg,password666
Daniel,Wilson,daniel.wilson@example.com,danielw,password777
Sophia,Anderson,sophia.anderson@example.com,sophiaa,password888
Ryan,Thomas,ryan.thomas@example.com,ryant,password999
Olivia,Moore,olivia.moore@example.com,oliviam,password000
Joshua,White,joshua.white@example.com,joshuaw,password112
Isabella,Harris,isabella.harris@example.com,izzyh,password223
Andrew,Clark,andrew.clark@example.com,andycl,password334
Mia,Lewis,mia.lewis@example.com,mial,password445
Ethan,Walker,ethan.walker@example.com,ethanw,password556
Emma,Hall,emma.hall@example.com,emmah,password667
Alexander,Allen,alexander.allen@example.com,alexall,password778
Ava,Young,ava.young@example.com,avay,password889
James,Hernandez,james.hernandez@example.com,jh,password990
Charlotte,King,charlotte.king@example.com,charliek,password1112
Benjamin,Wright,benjamin.wright@example.com,benwright,password2223
Amelia,Scott,amelia.scott@example.com,amscott,password3334
Lucas,Green,lucas.green@example.com,lucasg,password4445
Abigail,Adams,abigail.adams@example.com,abbyad,password5556
Liam,Baker,liam.baker@example.com,liamb,password6667
Evelyn,Gonzalez,evelyn.gonzalez@example.com,evelyng,password7778
Mason,Nelson,mason.nelson@example.com,masonn,password8889
Sofia,Carter,sofia.carter@example.com,sofiac,password9990
Logan,Mitchell,logan.mitchell@example.com,loganmit,password0001
Aria,Perez,aria.perez@example.com,ariap,password1113
Jacob,Rogers,jacob.rogers@example.com,jacobr,password2224
Ellie,Reed,ellie.reed@example.com,ellier,password3335
Jackson,Cook,jackson.cook@example.com,jacksonc,password4446
Harper,Bell,harper.bell@example.com,harperb,password5557
Carter,Cooper,carter.cooper@example.com,carterc,password6668
Zoey,Morgan,zoey.morgan@example.com,zoeym,password7779
Henry,Bailey,henry.bailey@example.com,henryb,password8880
Grace,Peterson,grace.peterson@example.com,gracep,password9991
Wyatt,Rivera,wyatt.rivera@example.com,wyattr,password0002
Penelope,Gray,penelope.gray@example.com,penelopg,password1114
Sebastian,Ramirez,sebastian.ramirez@example.com,sebr,password2225
Lily,Cooper,lily.cooper@example.com,lilycoop,password3336
Owen,Richardson,owen.richardson@example.com,owenrich,password4447
Hannah,Howard,hannah.howard@example.com,hannahh,password5558
Levi,Ward,levi.ward@example.com,leviw,password6669
Layla,Cox,layla.cox@example.com,laylac,password7770
Jack,Rogers,jack.rogers@example.com,jackr,password8881
Victoria,Stewart,victoria.stewart@example.com,victorias,password9992
Gabriel,Fisher,gabriel.fisher@example.com,gabf,password0003
Chloe,Ellis,chloe.ellis@example.com,chloee,password1115
Julian,Hart,julian.hart@example.com,julianh,password2226
Scarlett,Moore,scarlett.moore@example.com,scarlettm,password3337